[
	{
		"link":"https://www.wbiao.cn/dynamic/18042853226/",
		"href":"https://image8.wbiao.co/mall/a11c36a2a30f4f2c9caead07ec84dc54.jpg",
		"color":"#e9d2ca",
		"id":1
	},
	{
		"link":"https://www.wbiao.cn/dynamic/18051089272/",
		"href":"https://image8.wbiao.co/mall/b793ba75bcfe47358bbd2c1e9fec2367.jpg",
		"color":"#d74c2f",
		"id":2
	},
	{
		"link":"https://www.wbiao.cn/shop/44/",
		"href":"https://image8.wbiao.co/mall/e1b4e9509882403d84e4cf6f79154797.jpg",
		"color":"#6bceed",
		"id":3
	},
	{
		"link":"https://www.wbiao.cn/member/integral/exchange",
		"href":"https://image8.wbiao.co/mall/2613dbb8cd3f4794938799dc0a4a4e6c.jpg",
		"color":"#eed6b0",
		"id":4
	},
	{
		"link":"https://www.wbiao.cn/shop/22/",
		"href":"https://image8.wbiao.co/mall/bfaf8c64f6894fd3a313e242662d37b4.jpg",
		"color":"#a62f4f",
		"id":5
	},
	{
		"link":"https://www.wbiao.cn/shop/59/",
		"href":"https://image8.wbiao.co/mall/e52a4b243b8741a1b46e6658dc32790c.jpg",
		"color":"#424e7e",
		"id":6
	},
	{
		"link":"https://www.wbiao.cn/shop/41/",
		"href":"https://image8.wbiao.co/mall/aa22a4d949c84c7faffb34cd7a37b1fb.jpg",
		"color":"#f7f2ec",
		"id":7
	},
	{
		"link":"https://www.wbiao.cn/shop/56/",
		"href":"https://image8.wbiao.co/mall/d914653a83ab4ec1b6ad02581de4f423.jpg",
		"color":"#c0dbe6",
		"id":8
	},
	{
		"link":"https://www.wbiao.cn/shop/58/",
		"href":"https://image8.wbiao.co/mall/85264517221f4b24908135ddd59ec3e9.jpg",
		"color":"#0c0200",
		"id":9
	}
]