[
{
	"link":"https://www.wbiao.cn/shop/21/",
	"href":"https://image8.wbiao.co/mall/19a2c42472174f64a1a958296123c31c.jpg?x-oss-process=image/resize,w_394,h_240",
	"title":"阿玛尼ARMANI",
	"content":"欧洲时尚生活的缔造者"
},
{
	"link":"https://www.wbiao.cn/shop/17/",
	"href":"https://image8.wbiao.co/mall/95a7ee10716342668b5076229d33b28f.jpg?x-oss-process=image/resize,w_394,h_240",
	"title":"东方双狮ORIENT",
	"content":"与小狮子的故事"
},
{
	"link":"https://www.wbiao.cn/shop/34/",
	"href":"https://image8.wbiao.co/mall/ccde292c6e47430a9926619bdc1d1456.jpg?x-oss-process=image/resize,w_394,h_240",
	"title":"汉米尔顿Hamilton",
	"content":"海军蔚蓝，先锋未老！"
},
{
	"link":"https://www.wbiao.cn/shop/44/",
	"href":"https://image8.wbiao.co/mall/6e9e2cf941604e17a7acf2cb171a1007.jpg?x-oss-process=image/resize,w_394,h_240",
	"title":"赫柏林Michel Herbelin",
	"content":"腕间优雅，释放迷人魅力"
},
{
	"link":"https://www.wbiao.cn/shop/94/",
	"href":"https://image8.wbiao.co/mall/909ce4654c2d46cb8060dbdb8e7515e8.jpg?x-oss-process=image/resize,w_394,h_240",
	"title":"雍加毕索Yonger& Bresson",
	"content":"潮流无极限，复古有庄园"
},
{
	"link":"https://www.wbiao.cn/shop/108/",
	"href":"https://image8.wbiao.co/mall/2a409f51596d4178a6b7b15d4bc7e6b5.jpg?x-oss-process=image/resize,w_394,h_240",
	"title":"天铭Timing",
	"content":"聆听机芯律动"
}
]
