[
{
	"link":"detail.html",
	"href":"https://image8.wbiao.co/mall/fdcb1f72962d424293e6bd553aac0566.jpg?x-oss-process=image/resize,w_260,h_260",
	"title":"爱宝时EPOS",
	"content":"褪尽繁华 保留腕表原始的魅力",
	"id":5
},
{
	"link":"detail.html",
	"href":"https://image8.wbiao.co/mall/21759d2c519c42369ad752d1e20717aa.jpg?x-oss-process=image/resize,w_260,h_260",
	"title":"浪琴LONGINES",
	"content":"匠心技艺，经典隽永",
	"id":6
},
{
	"link":"detail.html",
	"href":"https://image8.wbiao.co/mall/c473fa60b0524f0a9d6210eaadaa5569.jpg?x-oss-process=image/resize,w_260,h_260",
	"title":"欧米茄OMEGA",
	"content":"儒雅蝶飞，天文台同轴擒纵机芯",
	"id":7
},
{
	"link":"detail.html",
	"href":"https://image8.wbiao.co/mall/63e264b9dd9d4a99a2e7b9f9c7fb08ba.jpg?x-oss-process=image/resize,w_260,h_260",
	"title":"赫柏林Michel Herbelin",
	"content":"法式极简设计风格",
	"id":8
}
]
