[
{
	"link":"https://www.wbiao.cn/shop/13/",
	"href":"https://image8.wbiao.co/mall/99ba0028ece04c27a050ca5498606ac4.jpg?x-oss-process=image/resize,w_596,h_240",
	"title":"创新，源于传统"
},
{
	"link":"https://www.wbiao.cn/shop/75/",
	"href":"https://image8.wbiao.co/mall/29341bcb2150483494ed1fc801ce4f91.jpg?x-oss-process=image/resize,w_596,h_240",
	"title":"买表即赠国外双人游"
},
{
	"link":"https://www.wbiao.cn/shop/84/",
	"href":"https://image8.wbiao.co/mall/31686957d2f5492d97c80e8133be44a3.jpg?x-oss-process=image/resize,w_596,h_240",
	"title":"可触及的奢华"
},
{
	"link":"https://www.wbiao.cn/shop/45/",
	"href":"https://image8.wbiao.co/mall/20180a3524464788b7ba21e09456c10f.jpg?x-oss-process=image/resize,w_596,h_240",
	"title":"无惧户外，为挑战而生"
}
]
