[
{
	"link":"http://www.wbiao.cn/longines-watches/knowledge/article-144612.html",
	"href":"https://image8.wbiao.co/mall/551f3d1cc72547ae91b331bfa268dff9.jpg",
	"title":"与浪琴名匠628的邂逅"
},
{
	"link":"http://www.wbiao.cn/davosa-watches/knowledge/article-144613.html",
	"href":"https://image8.wbiao.co/mall/3208bf67c2084eb2b7a5590f2013f90c.JPG",
	"title":"迪沃斯绿蛟龙，实在让我心水"
},
{
	"link":"http://www.wbiao.cn/mido-watches/knowledge/article-144614.html",
	"href":"https://image8.wbiao.co/mall/db6884b767f84d7b90867843a3bd54e3.jpg",
	"title":"骚力十足，我的美度指挥官"
},
{
	"link":"https://www.wbiao.cn/michel-herbelin-watches/knowledge/article-144811.html",
	"href":"https://image8.wbiao.co/mall/b4fa6f9d7d864670a0c608376e2a5a70.jpg",
	"title":"赫柏林大会，5000元预算机械表购..."
}
]