[
{
	"link":"https://www.wbiao.cn/dynamic/18050210209/44/",
	"href":"https://image8.wbiao.co/mall/a1d668715d4e4cf0a0036374498a170f.jpg?x-oss-process=image/resize,w_190,h_88"
},
{
	"link":"https://www.wbiao.cn/shop/59/",
	"href":"https://image8.wbiao.co/mall/1430d8ce7f65440b974b0bea92573f6b.jpg?x-oss-process=image/resize,w_190,h_88"
},
{
	"link":"https://www.wbiao.cn/shop/70/",
	"href":"https://image8.wbiao.co/mall/207060117e134b539e15fb44adad0fd0.jpg?x-oss-process=image/resize,w_190,h_88"
},
{
	"link":"https://www.wbiao.cn/dynamic/18011967797/",
	"href":"https://image8.wbiao.co/mall/ba2e6c21b0494e3b913ded849674d023.jpg?x-oss-process=image/resize,w_190,h_88"
},
{
	"link":"https://www.wbiao.cn/dynamic/17122735824/13/",
	"href":"https://image8.wbiao.co/mall/f31fb4acbfe349d98155c52bd4a3cfb5.jpg?x-oss-process=image/resize,w_190,h_88"
},
{
	"link":"https://www.wbiao.cn/shop/34/",
	"href":"https://image8.wbiao.co/mall/4351b1ec5f114360ab0791fe15a8f503.jpg?x-oss-process=image/resize,w_190,h_88"
}
]
