[
{
	"link":"detail.html",
	"href":"https://image8.wbiao.co/mall/5fec27a62bb443fdb29b8436f659f99b.jpg?x-oss-process=image/resize,w_398,h_184",
	"title":"年轻不需要被定义",
	"content":"商务潜水两不误，迪沃斯绿蛟龙",
	"id":1
},
{
	"link":"detail.html",
	"href":"https://image8.wbiao.co/mall/a3f1f425c8c742399117a4ca25fb8c1a.jpg?x-oss-process=image/resize,w_398,h_184",
	"title":"精于心，简于形",
	"content":"都市商务男士的沉稳与气度",
	"id":2
},
{
	"link":"detail.html",
	"href":"https://image8.wbiao.co/mall/e2b36ae20fc949dc9aef8ac82ccc0ecf.jpg?x-oss-process=image/resize,w_398,h_184",
	"title":"只为严谨可靠而生",
	"content":"简约大气，莫勒爆款帆船白",
	"id":3
},
{
	"link":"detail.html",
	"href":"https://image8.wbiao.co/mall/161b973138ce40efbb92fa535a61d93d.jpg?x-oss-process=image/resize,w_398,h_184",
	"title":"瑞士腕表艺术",
	"content":"经典日历大三针，柏高梦想家",
	"id":4
}
]
