[
	{
		"link":"https://www.wbiao.cn/dynamic/18050396566/",
		"href":"https://image8.wbiao.co/mall/7b366c7f7e6a41a98d2fa9b45df0ccac.jpg?x-oss-process=image/resize,w_297,h_150"
	},
	{
		"link":"https://www.wbiao.cn/dynamic/18050380212/",
		"href":"https://image8.wbiao.co/mall/0af3326766b24911aef65325d91f0dd3.jpg?x-oss-process=image/resize,w_297,h_150"
	},
	{
		"link":"https://www.wbiao.cn/dynamic/18050389820/",
		"href":"https://image8.wbiao.co/mall/41d480eebc3742f2a195eb85d98539b2.jpg?x-oss-process=image/resize,w_297,h_150"
	},
	{
		"link":"https://www.wbiao.cn/dynamic/18050353885/",
		"href":"https://image8.wbiao.co/mall/a083e9e6eb5741ac9270b6627623db76.jpg?x-oss-process=image/resize,w_297,h_150"
	}
]